platform,video_id,video_title,video_views,channel_title,comment_id,parent_id,author,text,likes,published_at,updated_at,is_reply,collected_at,hashtag_query
YouTube,ycx7PZR4bR8,Itel S23 Plus review | 2024 #itel #itels23plus #itels23+,704073,TANJIL SAKIN,UgzKYG_NectAmu9oLPV4AaABAg,,@MD_Ali-siuuuuu,"Name copy: Samsung.
Design copy: apple. üòÇüòÇ",0,2025-11-26T12:57:34Z,2025-11-26T12:57:34Z,False,2025-12-09T19:07:55.540433,#itel
YouTube,ycx7PZR4bR8,Itel S23 Plus review | 2024 #itel #itels23plus #itels23+,704073,TANJIL SAKIN,UgxihLW6XOMkfCqz2cp4AaABAg,,@Verified_560,The computer is called itel,0,2025-11-22T01:28:09Z,2025-11-22T01:28:09Z,False,2025-12-09T19:07:55.540495,#itel
YouTube,ycx7PZR4bR8,Itel S23 Plus review | 2024 #itel #itels23plus #itels23+,704073,TANJIL SAKIN,UgyHs3PaB-XmP71_pit4AaABAg,,@SajukaNdure,Can that work to help each other ok good...üòÆ,0,2025-11-13T13:45:41Z,2025-11-13T13:45:41Z,False,2025-12-09T19:07:55.540506,#itel
YouTube,ycx7PZR4bR8,Itel S23 Plus review | 2024 #itel #itels23plus #itels23+,704073,TANJIL SAKIN,UgzspBuLxNRBOB5LDux4AaABAg,,@SajukaNdure,But you can fixed me a smart phones with things ok good....üòÆ,0,2025-11-13T13:45:20Z,2025-11-13T13:45:20Z,False,2025-12-09T19:07:55.540517,#itel
YouTube,ycx7PZR4bR8,Itel S23 Plus review | 2024 #itel #itels23plus #itels23+,704073,TANJIL SAKIN,UgwIM8hjsIqzQJ7HhTh4AaABAg,,@SajukaNdure,Boy me don't have money used to do security job to keep some money if you have some money ok white friends to plan for me some because things are not easy of getting money you and you a family man aswel ok good nice but You do me mobile phones to used ok good maybe what I say can work always to the bigger peoples.. Europeans and Chinese peoples keep it a secret ok good maybe if you have some Europeans friends ok good...üòÆ,0,2025-11-13T13:44:54Z,2025-11-13T13:44:54Z,False,2025-12-09T19:07:55.540540,#itel
YouTube,ycx7PZR4bR8,Itel S23 Plus review | 2024 #itel #itels23plus #itels23+,704073,TANJIL SAKIN,UgyNOfFuhU8ripS1ixN4AaABAg,,@SajukaNdure,Like a solution alright good hmmm.,1,2025-11-13T05:54:31Z,2025-11-13T05:54:31Z,False,2025-12-09T19:07:55.540548,#itel
YouTube,ycx7PZR4bR8,Itel S23 Plus review | 2024 #itel #itels23plus #itels23+,704073,TANJIL SAKIN,Ugz4HI0irIkVvVu4tcF4AaABAg,,@SajukaNdure,Do that for me ok alright.üòÆüòÆ .. charging moblie phones full charge is a or man here on your house hmm this electricity ok good  with good charger's as well which are fastly full in current when charging them ok good nice....,1,2025-11-13T05:52:30Z,2025-11-13T05:52:30Z,False,2025-12-09T19:07:55.540557,#itel
YouTube,ycx7PZR4bR8,Itel S23 Plus review | 2024 #itel #itels23plus #itels23+,704073,TANJIL SAKIN,Ugw6taE25PWotZNgBv14AaABAg,,@SajukaNdure,Boy they are both 15 brands I think sheld once both of them A15 A16 brands I think ok good make plenty mobile smart phones solutions and on my name there for me ok good I like moblie smart phones aswel alright good nice throw the a razor blades blades not good not even save for cuttings sometimes only merchines alright good.they spoil on my hands mistakenly you know things ok good... nakam nak naka job..üòÆ,1,2025-11-13T05:49:48Z,2025-11-13T05:49:48Z,False,2025-12-09T19:07:55.540581,#itel
YouTube,ycx7PZR4bR8,Itel S23 Plus review | 2024 #itel #itels23plus #itels23+,704073,TANJIL SAKIN,UgyqrMxAhVZcn06SoH54AaABAg,,@SajukaNdure,Hi how are you doing I lost my two itel Smart phones I know you can't recover it because is seriously spoil alright good so if possible you can make another one like does once or many of does types ok what are you holding rezor blade I need a cold naturalminaral water and a Despenser ok good...üòÆüòÆ And plenty devices from your brands and others ok good...with good fast charger qualities ok good...see you you with a nice Samsung sr you have ok that's Samsung Galaxy you itel ok mobile phones ok good it spoil on my hands i loss ok good I know know ok good things alright good nice...üòÆ. but I do like them they were a good phones ok good..ok.things ok..üòÆ,1,2025-11-12T22:43:15Z,2025-11-12T22:43:15Z,False,2025-12-09T19:07:55.540603,#itel
YouTube,ycx7PZR4bR8,Itel S23 Plus review | 2024 #itel #itels23plus #itels23+,704073,TANJIL SAKIN,UgxnZBCt4jaaTuGhg4l4AaABAg,,@SajukaNdure,Likes nakam nak...üòÆ,0,2025-11-12T07:42:57Z,2025-11-12T07:42:57Z,False,2025-12-09T19:07:55.540621,#itel
YouTube,ycx7PZR4bR8,Itel S23 Plus review | 2024 #itel #itels23plus #itels23+,704073,TANJIL SAKIN,Ugz5NdaRH54UamU2Mgp4AaABAg,,@SajukaNdure,Hi how are you doing I like more of your mobile phones devices hope you will be sponsoring me lots of smart phones and other accessories devices ok good with latest brands aswel ok good nice where is your that shelled battery size moblie phones..ital company good company ok good..üòÆüòÆ,0,2025-11-12T07:42:43Z,2025-11-12T07:42:43Z,False,2025-12-09T19:07:55.540640,#itel
YouTube,ycx7PZR4bR8,Itel S23 Plus review | 2024 #itel #itels23plus #itels23+,704073,TANJIL SAKIN,UgwtmNpHydMafI12qSZ4AaABAg,,@ShamilNahid,‡¶´‡¶æ‡¶≤‡¶§‡ßÅ ‡¶è‡¶ï‡¶ü‡¶æ ‡¶ï‡¶Æ‡ßç‡¶™‡¶æ‡¶®‡¶ø,1,2025-10-26T14:40:01Z,2025-10-26T14:40:01Z,False,2025-12-09T19:07:55.540655,#itel
YouTube,ycx7PZR4bR8,Itel S23 Plus review | 2024 #itel #itels23plus #itels23+,704073,TANJIL SAKIN,UgwtmNpHydMafI12qSZ4AaABAg.AOkAtLeoZ6GAP5Z3drLdSE,UgwtmNpHydMafI12qSZ4AaABAg,@LitoAmbalao,Hi mag kano,0,2025-11-04T07:14:34Z,2025-11-04T07:14:34Z,True,2025-12-09T19:07:55.540672,#itel
YouTube,ycx7PZR4bR8,Itel S23 Plus review | 2024 #itel #itels23plus #itels23+,704073,TANJIL SAKIN,UgzsqvxC7XZ84foTZZB4AaABAg,,@HiyaMoni-i5p,Hanjalaüëçüëçüòçüòç,0,2025-10-14T11:50:18Z,2025-10-14T11:50:18Z,False,2025-12-09T19:07:55.540685,#itel
YouTube,ycx7PZR4bR8,Itel S23 Plus review | 2024 #itel #itels23plus #itels23+,704073,TANJIL SAKIN,UgzsqvxC7XZ84foTZZB4AaABAg.AOFyvjfFeBHAOG7oLiQWuU,UgzsqvxC7XZ84foTZZB4AaABAg,@MdHasan-d3l7m,Assalamualaikum üòä‚ù§,0,2025-10-14T13:16:40Z,2025-10-14T13:16:40Z,True,2025-12-09T19:07:55.540705,#itel
YouTube,ycx7PZR4bR8,Itel S23 Plus review | 2024 #itel #itels23plus #itels23+,704073,TANJIL SAKIN,UgxIdQVCXuEwW2VZpaF4AaABAg,,@IshvarBhaiParmar-g7w,Price,0,2025-10-01T16:16:14Z,2025-10-01T16:16:14Z,False,2025-12-09T19:07:55.540717,#itel
YouTube,ycx7PZR4bR8,Itel S23 Plus review | 2024 #itel #itels23plus #itels23+,704073,TANJIL SAKIN,UgxsmpZqRaxnjgUlNAN4AaABAg,,@AungMyoThet-k5u,·Äñ·ÄØ·Äî·Ä∫·Ä∏·Ä°·Äõ·Äô·Ä∫·Ä∏·Äï·Ä∞·Äê·Ä¨·Äò·Ä¨·Äñ·Äº·ÄÖ·Ä∫·Äú·Ä≠·ÄØ·Ä∑·Äú·Ää·Ä∫·Ä∏·ÄÅ·Äó·Äª·Ä¨,0,2025-09-24T12:06:05Z,2025-09-24T12:06:05Z,False,2025-12-09T19:07:55.540732,#itel
YouTube,ycx7PZR4bR8,Itel S23 Plus review | 2024 #itel #itels23plus #itels23+,704073,TANJIL SAKIN,UgznpvV8YMKk2cWPbtJ4AaABAg,,@JakiaAkther-c3z,‡¶§‡¶¨‡ßá ‡¶¨‡ßá‡¶∂‡¶ø ‡¶¶‡¶ø‡¶® ‡¶ö‡¶æ‡¶≤‡¶æ‡¶§‡ßá ‡¶™‡¶æ‡¶∞‡¶ø‡¶®‡¶ø ‡¶π‡¶ü‡¶æ‡¶§ ‡¶ï‡¶∞‡ßá ‡¶Æ‡¶æ‡¶¶‡¶æ‡¶∞ ‡¶¨‡¶â‡¶ü ‡¶®‡¶∑‡ßç‡¶ü ‡¶π‡ßü‡ßá ‡¶Ø‡¶æ‡ßü,0,2025-09-16T09:37:58Z,2025-09-16T09:37:58Z,False,2025-12-09T19:07:55.540747,#itel
YouTube,ycx7PZR4bR8,Itel S23 Plus review | 2024 #itel #itels23plus #itels23+,704073,TANJIL SAKIN,UgyEj2ZvTpYxMkweAjV4AaABAg,,@JakiaAkther-c3z,‡¶≠‡¶æ‡¶á ‡¶¶‡¶æ‡¶Æ ‡¶π‡¶≤ ‡ß®‡ß¶ ‡¶π‡¶æ‡¶ú‡¶æ‡¶∞ ‡¶Ü‡¶Æ‡¶ø ‡¶è‡¶ï‡¶ü‡¶æ ‡¶®‡¶ø‡¶ö‡¶ø,1,2025-09-16T09:36:49Z,2025-09-16T09:36:49Z,False,2025-12-09T19:07:55.540760,#itel
YouTube,ycx7PZR4bR8,Itel S23 Plus review | 2024 #itel #itels23plus #itels23+,704073,TANJIL SAKIN,Ugw-eINHyhqDGvLGB6l4AaABAg,,@banalataroji5286,Price koto,0,2025-09-07T07:08:24Z,2025-09-07T07:08:24Z,False,2025-12-09T19:07:55.540774,#itel
YouTube,ycx7PZR4bR8,Itel S23 Plus review | 2024 #itel #itels23plus #itels23+,704073,TANJIL SAKIN,UgyMak-kzqCQ5ZxlAoZ4AaABAg,,@Hashimamla-f7s,Baje mubail,0,2025-08-12T07:37:04Z,2025-08-12T07:37:04Z,False,2025-12-09T19:07:55.540784,#itel
YouTube,ycx7PZR4bR8,Itel S23 Plus review | 2024 #itel #itels23plus #itels23+,704073,TANJIL SAKIN,UgwHZ7bnVvGLaiFmGT54AaABAg,,@MdAkramHossein-l8e,"‡¶¶‡¶æ‡¶Æ,,,,,, ‡¶ï‡¶§ ‚ù§‚ù§‚ù§‚ù§‚ù§",1,2025-08-12T02:43:21Z,2025-08-12T02:43:21Z,False,2025-12-09T19:07:55.540797,#itel
YouTube,ycx7PZR4bR8,Itel S23 Plus review | 2024 #itel #itels23plus #itels23+,704073,TANJIL SAKIN,UgwHZ7bnVvGLaiFmGT54AaABAg.ALhmFglanidALhmKQB6xDd,UgwHZ7bnVvGLaiFmGT54AaABAg,@MdAkramHossein-l8e,‚ù§‚ù§,0,2025-08-12T02:44:00Z,2025-08-12T02:44:00Z,True,2025-12-09T19:07:55.540809,#itel
YouTube,ycx7PZR4bR8,Itel S23 Plus review | 2024 #itel #itels23plus #itels23+,704073,TANJIL SAKIN,UgxWmV6YyWErgkHmFwZ4AaABAg,,@TanvirMahmud-z5k,Unisoc tiger,0,2025-08-11T08:52:44Z,2025-08-11T08:52:44Z,False,2025-12-09T19:07:55.540822,#itel
YouTube,ycx7PZR4bR8,Itel S23 Plus review | 2024 #itel #itels23plus #itels23+,704073,TANJIL SAKIN,Ugyg16WSFRE6iZl4Y1t4AaABAg,,@TawhidAhmed-bi6nz,‡¶¶‡¶æ‡¶Æ ‡¶ï‡¶§ ‡¶ü‡¶æ‡¶ï‡¶æ,0,2025-08-01T14:23:49Z,2025-08-01T14:23:49Z,False,2025-12-09T19:07:55.540842,#itel
YouTube,ycx7PZR4bR8,Itel S23 Plus review | 2024 #itel #itels23plus #itels23+,704073,TANJIL SAKIN,Ugz-716xLpiY8byNIop4AaABAg,,@HenryThakur-q7e,I have also one price 3000,0,2025-07-23T20:55:44Z,2025-07-23T20:55:44Z,False,2025-12-09T19:07:55.540858,#itel
YouTube,ycx7PZR4bR8,Itel S23 Plus review | 2024 #itel #itels23plus #itels23+,704073,TANJIL SAKIN,Ugy4SQCT018mSlQpvzB4AaABAg,,@aadesh.kumar-m9p,22 ki retail,0,2025-07-17T15:38:08Z,2025-07-17T15:38:08Z,False,2025-12-09T19:07:55.540870,#itel
YouTube,ycx7PZR4bR8,Itel S23 Plus review | 2024 #itel #itels23plus #itels23+,704073,TANJIL SAKIN,UgzOmPfZqDFBU4bIOOh4AaABAg,,@HabibKhan-e5y8m,Itel a23plus Kisi ne Liya han plz Batana kesa han mena Lena han,0,2025-07-15T09:31:38Z,2025-07-15T09:31:38Z,False,2025-12-09T19:07:55.540883,#itel
YouTube,ycx7PZR4bR8,Itel S23 Plus review | 2024 #itel #itels23plus #itels23+,704073,TANJIL SAKIN,UgzOmPfZqDFBU4bIOOh4AaABAg.AKaPiTjKFVXAMwP7CIZj47,UgzOmPfZqDFBU4bIOOh4AaABAg,@zakirahamad4209,Mane leya bohut accahe ak sal hogaya,0,2025-09-11T15:32:29Z,2025-09-11T15:32:29Z,True,2025-12-09T19:07:55.540896,#itel
YouTube,ycx7PZR4bR8,Itel S23 Plus review | 2024 #itel #itels23plus #itels23+,704073,TANJIL SAKIN,UgybHxA4c2Gvaw0woNx4AaABAg,,@OliviaDupagan,The design is similar to Samsung,0,2025-07-05T15:08:50Z,2025-07-05T15:08:50Z,False,2025-12-09T19:07:55.540908,#itel
YouTube,ycx7PZR4bR8,Itel S23 Plus review | 2024 #itel #itels23plus #itels23+,704073,TANJIL SAKIN,UgxzexfvCOu5Ady0Nwh4AaABAg,,@nilaShekari,‡¶¶‡¶æ‡¶Æ ‡¶ï‡¶§‡ßã ‡¶≠‡¶æ‡¶á ‡¶™‡ßç‡¶≤‡¶ø‡¶ú ‡¶¨‡¶≤‡ßá‡¶®,0,2025-06-28T22:43:08Z,2025-06-28T22:43:08Z,False,2025-12-09T19:07:55.540923,#itel
YouTube,ycx7PZR4bR8,Itel S23 Plus review | 2024 #itel #itels23plus #itels23+,704073,TANJIL SAKIN,UgzW_9zeAQDLPwdMh854AaABAg,,@nilaShekari,‡¶¶‡¶æ‡¶Æ ‡¶ï‡¶§‡ßã ‡¶≠‡¶æ‡¶á ‡¶™‡ßç‡¶≤‡¶ø‡¶ú ‡¶¨‡¶≤‡ßá‡¶®,1,2025-06-28T22:43:08Z,2025-06-28T22:43:08Z,False,2025-12-09T19:07:55.540938,#itel
YouTube,ycx7PZR4bR8,Itel S23 Plus review | 2024 #itel #itels23plus #itels23+,704073,TANJIL SAKIN,UgzMT0cuwKrFygzj82V4AaABAg,,@–ê–ë–£–ë–ê–ö–†-–µ1–æ,Jandsomonau,0,2025-06-27T17:15:09Z,2025-06-27T17:15:09Z,False,2025-12-09T19:07:55.540948,#itel
YouTube,ycx7PZR4bR8,Itel S23 Plus review | 2024 #itel #itels23plus #itels23+,704073,TANJIL SAKIN,UgxV7ANaTbjLl9XgkQN4AaABAg,,@DIFAN-v5w,NCBI A A AS A DA DA DA I I A A AS A A AS A AS A AS I,0,2025-06-26T09:31:41Z,2025-06-26T09:31:41Z,False,2025-12-09T19:07:55.540962,#itel
YouTube,ycx7PZR4bR8,Itel S23 Plus review | 2024 #itel #itels23plus #itels23+,704073,TANJIL SAKIN,UgyHk_F8CWCziROci_94AaABAg,,@BabulNazma-s1m,Amar Akbar 1000,0,2025-06-17T08:03:51Z,2025-06-17T08:03:51Z,False,2025-12-09T19:07:55.540983,#itel
YouTube,ycx7PZR4bR8,Itel S23 Plus review | 2024 #itel #itels23plus #itels23+,704073,TANJIL SAKIN,UgzhdCLtmWAp25QRyXB4AaABAg,,@SamadKhan-dn8cv,üôçüôçüôçüôé,0,2025-06-14T06:15:20Z,2025-06-14T06:15:20Z,False,2025-12-09T19:07:55.540995,#itel
YouTube,ycx7PZR4bR8,Itel S23 Plus review | 2024 #itel #itels23plus #itels23+,704073,TANJIL SAKIN,UgyWUdqh-oPrNmMGxad4AaABAg,,@AyezinAyezin-xm8nt,How much?,0,2025-06-09T00:56:46Z,2025-06-09T00:56:46Z,False,2025-12-09T19:07:55.541007,#itel
YouTube,ycx7PZR4bR8,Itel S23 Plus review | 2024 #itel #itels23plus #itels23+,704073,TANJIL SAKIN,UgyvcTHcfMzhjxU0LFp4AaABAg,,@muhamadzidan1253,Di cari.,0,2025-05-26T09:03:33Z,2025-05-26T09:03:33Z,False,2025-12-09T19:07:55.541020,#itel
YouTube,ycx7PZR4bR8,Itel S23 Plus review | 2024 #itel #itels23plus #itels23+,704073,TANJIL SAKIN,Ugz0GmV7GSIleJaTJ-t4AaABAg,,@giang72tran21,Low notice,0,2025-05-24T14:51:37Z,2025-05-24T14:51:37Z,False,2025-12-09T19:07:55.541034,#itel
YouTube,ycx7PZR4bR8,Itel S23 Plus review | 2024 #itel #itels23plus #itels23+,704073,TANJIL SAKIN,UgzkoBYF6U8fOcANPcx4AaABAg,,@KalamAnshari-p4v,Bhai 5g hai ya 4g,0,2025-05-20T16:30:22Z,2025-05-20T16:30:22Z,False,2025-12-09T19:07:55.541047,#itel
YouTube,ycx7PZR4bR8,Itel S23 Plus review | 2024 #itel #itels23plus #itels23+,704073,TANJIL SAKIN,UgzbpoQRhKqxBR2YdhR4AaABAg,,@phoneguy-man,Yo am using itel,0,2025-05-18T14:03:37Z,2025-05-18T14:03:37Z,False,2025-12-09T19:07:55.541087,#itel
YouTube,ycx7PZR4bR8,Itel S23 Plus review | 2024 #itel #itels23plus #itels23+,704073,TANJIL SAKIN,UgzbpoQRhKqxBR2YdhR4AaABAg.AIGYjpIjFNqAJWRhNqfEEv,UgzbpoQRhKqxBR2YdhR4AaABAg,@Intjaar7678,Kaisa hai bhai batao mujhe bhi Lena hai,0,2025-06-18T14:41:21Z,2025-06-18T14:41:21Z,True,2025-12-09T19:07:55.541103,#itel
YouTube,ycx7PZR4bR8,Itel S23 Plus review | 2024 #itel #itels23plus #itels23+,704073,TANJIL SAKIN,Ugy5Cgr9Brz5JLr_75d4AaABAg,,@GavxarKomilova,Shu teldi ekranini qatdan topsamikina,0,2025-05-12T16:41:10Z,2025-05-12T16:41:10Z,False,2025-12-09T19:07:55.541120,#itel
YouTube,ycx7PZR4bR8,Itel S23 Plus review | 2024 #itel #itels23plus #itels23+,704073,TANJIL SAKIN,Ugyq98y2UU7c_jNBAEx4AaABAg,,@imammedia.24,‡¶¶‡¶æ‡¶Æ ‡¶ï‡¶§‡ßã ‡¶π‡¶¨‡ßá,0,2025-05-09T09:46:03Z,2025-05-09T09:46:03Z,False,2025-12-09T19:07:55.541133,#itel
YouTube,ycx7PZR4bR8,Itel S23 Plus review | 2024 #itel #itels23plus #itels23+,704073,TANJIL SAKIN,Ugz7mLMdU1_sg3QIYTl4AaABAg,,@Rupesh-p9h3s,itel s23 üëåüëåüì±,4,2025-04-26T05:25:44Z,2025-04-26T05:25:44Z,False,2025-12-09T19:07:55.541156,#itel
YouTube,ycx7PZR4bR8,Itel S23 Plus review | 2024 #itel #itels23plus #itels23+,704073,TANJIL SAKIN,UgzJDXq5A9SwnkY2oVJ4AaABAg,,@tadimallaJyothi,Same my phone,0,2025-04-23T11:55:21Z,2025-04-23T11:55:21Z,False,2025-12-09T19:07:55.541170,#itel
YouTube,ycx7PZR4bR8,Itel S23 Plus review | 2024 #itel #itels23plus #itels23+,704073,TANJIL SAKIN,UgzJDXq5A9SwnkY2oVJ4AaABAg.AHFxBV1CTzIAHkKQzhCezf,UgzJDXq5A9SwnkY2oVJ4AaABAg,@maybechizihwa,How much,0,2025-05-05T16:23:38Z,2025-05-05T16:23:38Z,True,2025-12-09T19:07:55.541178,#itel
YouTube,ycx7PZR4bR8,Itel S23 Plus review | 2024 #itel #itels23plus #itels23+,704073,TANJIL SAKIN,UgxvQhpO4QRhvr7hFj54AaABAg,,@JaulAnsari-q2g,Yah sabse kharab mobile hai 8 mahine mein date ho jata hai,2,2025-04-07T09:24:24Z,2025-04-07T09:24:24Z,False,2025-12-09T19:07:55.541187,#itel
YouTube,ycx7PZR4bR8,Itel S23 Plus review | 2024 #itel #itels23plus #itels23+,704073,TANJIL SAKIN,UgxvQhpO4QRhvr7hFj54AaABAg.AGbUBuXkG5AAJWResN9g3Q,UgxvQhpO4QRhvr7hFj54AaABAg,@Intjaar7678,Sach me üòÆ,0,2025-06-18T14:41:01Z,2025-06-18T14:41:01Z,True,2025-12-09T19:07:55.541196,#itel
YouTube,ycx7PZR4bR8,Itel S23 Plus review | 2024 #itel #itels23plus #itels23+,704073,TANJIL SAKIN,UgzZEQ2p6fr_se5VgFF4AaABAg,,@technorumaan_official,Shop kidar hai,0,2025-04-04T14:40:40Z,2025-04-04T14:40:40Z,False,2025-12-09T19:07:55.541211,#itel
YouTube,ycx7PZR4bR8,Itel S23 Plus review | 2024 #itel #itels23plus #itels23+,704073,TANJIL SAKIN,UgztNAGuy9VVVU7HWVR4AaABAg,,@Sandeep-ji857,Kaha milega bhai bata do yaar please üôèü´£,0,2025-04-01T07:05:20Z,2025-04-01T07:05:20Z,False,2025-12-09T19:07:55.541230,#itel
YouTube,ycx7PZR4bR8,Itel S23 Plus review | 2024 #itel #itels23plus #itels23+,704073,TANJIL SAKIN,Ugw7OW78eZ6WhkdmlI54AaABAg,,@NahilaAnsari,‚ù§‚ù§‚ù§‚ù§‚ù§‚ù§üòä,1,2025-03-31T11:15:08Z,2025-03-31T11:15:08Z,False,2025-12-09T19:07:55.541245,#itel
YouTube,ycx7PZR4bR8,Itel S23 Plus review | 2024 #itel #itels23plus #itels23+,704073,TANJIL SAKIN,Ugzr2vf1X3xWjRdwHD14AaABAg,,@Redmi-c6x3h,·Äú·Ä±·Ä¨·Ä∑·Äñ·Äº·Ää·Ä∫·Äî·Ää·Ä∫·Ä∏·Äû·Ä≠·ÄÅ·Äº·ÄÑ·Ä∫·Äï·Ä´·Äê·Äö·Ä∫,0,2025-03-06T14:25:37Z,2025-03-06T14:25:37Z,False,2025-12-09T19:07:55.541260,#itel
YouTube,ycx7PZR4bR8,Itel S23 Plus review | 2024 #itel #itels23plus #itels23+,704073,TANJIL SAKIN,UgzrkdvTTH9_QK2W3A14AaABAg,,@MDMoustafis,‡¶¶‡¶æ‡¶Æ ‡¶ï‡¶§ ‡¶≠‡¶æ‡¶á,1,2025-02-16T15:41:26Z,2025-02-16T15:41:26Z,False,2025-12-09T19:07:55.541275,#itel
YouTube,ycx7PZR4bR8,Itel S23 Plus review | 2024 #itel #itels23plus #itels23+,704073,TANJIL SAKIN,UgzrkdvTTH9_QK2W3A14AaABAg.AEbPabz3OeRAF8ZdD7JS4B,UgzrkdvTTH9_QK2W3A14AaABAg,@AjomSk-z1v,15000 hajar,2,2025-03-01T22:03:20Z,2025-03-01T22:03:20Z,True,2025-12-09T19:07:55.541327,#itel
YouTube,ycx7PZR4bR8,Itel S23 Plus review | 2024 #itel #itels23plus #itels23+,704073,TANJIL SAKIN,UgzMABOtEU2VHVuwrtZ4AaABAg,,@FrancoiseKouassi-zk3oc,Prix,0,2025-02-11T15:16:11Z,2025-02-11T15:16:11Z,False,2025-12-09T19:07:55.541343,#itel
YouTube,ycx7PZR4bR8,Itel S23 Plus review | 2024 #itel #itels23plus #itels23+,704073,TANJIL SAKIN,UgwtaPovZE7WKZzWoG94AaABAg,,@NaeemMohd-l5l,"Price bhi bta diya karo video me itni hemnat kr rhe ho thoda sa diyaan do aap isme itni aachi video bna rhe ho but kya fayeda jab main baat hi nhi pta.,.... So sorry aapko bura lage to ..‚ù§‚ù§",2,2025-02-08T11:54:56Z,2025-02-08T11:54:56Z,False,2025-12-09T19:07:55.541360,#itel
YouTube,ycx7PZR4bR8,Itel S23 Plus review | 2024 #itel #itels23plus #itels23+,704073,TANJIL SAKIN,UgwtaPovZE7WKZzWoG94AaABAg.AEHPJfxWTVuAHYPSrcamgG,UgwtaPovZE7WKZzWoG94AaABAg,@MDSakin-r3l,Ok brother.and also thank u.,0,2025-04-30T15:57:27Z,2025-04-30T15:57:27Z,True,2025-12-09T19:07:55.541373,#itel
YouTube,ycx7PZR4bR8,Itel S23 Plus review | 2024 #itel #itels23plus #itels23+,704073,TANJIL SAKIN,UgwdvgMbBwzZU6hhsSl4AaABAg,,@yadav_king_01-pk,Price kitna,0,2025-02-05T14:25:46Z,2025-02-05T14:25:46Z,False,2025-12-09T19:07:55.541387,#itel
YouTube,ycx7PZR4bR8,Itel S23 Plus review | 2024 #itel #itels23plus #itels23+,704073,TANJIL SAKIN,UgxVvbozBMy5EFlKNAh4AaABAg,,@zulfiqarali7396,Good üëç,2,2025-01-14T16:56:58Z,2025-01-14T16:56:58Z,False,2025-12-09T19:07:55.541404,#itel
YouTube,ycx7PZR4bR8,Itel S23 Plus review | 2024 #itel #itels23plus #itels23+,704073,TANJIL SAKIN,UgxVvbozBMy5EFlKNAh4AaABAg.ADH_-vDCu4PADUljyS2akr,UgxVvbozBMy5EFlKNAh4AaABAg,@tanjilsakin3128,Thanks,1,2025-01-19T19:58:22Z,2025-01-19T19:58:22Z,True,2025-12-09T19:07:55.541418,#itel
YouTube,ycx7PZR4bR8,Itel S23 Plus review | 2024 #itel #itels23plus #itels23+,704073,TANJIL SAKIN,UgxVvbozBMy5EFlKNAh4AaABAg.ADH_-vDCu4PAGg8yBNiY5P,UgxVvbozBMy5EFlKNAh4AaABAg,@SultanBeK6559,–ö–∞–∫ —Å–±—Ä–æ—Å–∏—Ç—å –¥–æ –∑–∞–≤–æ–¥—Å–∫–∏—Ö –Ω–∞—Å—Ç—Ä–æ–µ–∫?,0,2025-04-09T04:55:05Z,2025-04-09T04:55:05Z,True,2025-12-09T19:07:55.541433,#itel
YouTube,ycx7PZR4bR8,Itel S23 Plus review | 2024 #itel #itels23plus #itels23+,704073,TANJIL SAKIN,UgyH90rRvMNS-g1YOtJ4AaABAg,,@AmreshkumarDas-tr5vh,I have also use this phone,5,2025-01-07T16:44:51Z,2025-01-07T16:44:51Z,False,2025-12-09T19:07:55.541447,#itel
YouTube,ycx7PZR4bR8,Itel S23 Plus review | 2024 #itel #itels23plus #itels23+,704073,TANJIL SAKIN,UgyH90rRvMNS-g1YOtJ4AaABAg.AD-X36-M9zYAD89DsQyag2,UgyH90rRvMNS-g1YOtJ4AaABAg,@ChandanRana-uz6zg,üòäüòäüòäüòäüòäüòäüòäüõÄ,2,2025-01-11T01:09:46Z,2025-01-11T01:09:46Z,True,2025-12-09T19:07:55.541462,#itel
YouTube,ycx7PZR4bR8,Itel S23 Plus review | 2024 #itel #itels23plus #itels23+,704073,TANJIL SAKIN,UgyH90rRvMNS-g1YOtJ4AaABAg.AD-X36-M9zYADUliWmgwhB,UgyH90rRvMNS-g1YOtJ4AaABAg,@tanjilsakin3128,Low range flagship model,1,2025-01-19T19:58:10Z,2025-01-19T19:58:10Z,True,2025-12-09T19:07:55.541483,#itel
YouTube,ycx7PZR4bR8,Itel S23 Plus review | 2024 #itel #itels23plus #itels23+,704073,TANJIL SAKIN,UgyH90rRvMNS-g1YOtJ4AaABAg.AD-X36-M9zYAJWR_re03c0,UgyH90rRvMNS-g1YOtJ4AaABAg,@Intjaar7678,Kaisa hai bhai koi problem to nhi,0,2025-06-18T14:40:20Z,2025-06-18T14:40:20Z,True,2025-12-09T19:07:55.541498,#itel
YouTube,ycx7PZR4bR8,Itel S23 Plus review | 2024 #itel #itels23plus #itels23+,704073,TANJIL SAKIN,UgyH90rRvMNS-g1YOtJ4AaABAg.AD-X36-M9zYAJrnpp68L8O,UgyH90rRvMNS-g1YOtJ4AaABAg,@MuhammadMehmood-kt8oi,Hand free Kahan lgy gi ????,0,2025-06-27T07:06:47Z,2025-06-27T07:06:47Z,True,2025-12-09T19:07:55.541512,#itel
YouTube,ycx7PZR4bR8,Itel S23 Plus review | 2024 #itel #itels23plus #itels23+,704073,TANJIL SAKIN,UgyH90rRvMNS-g1YOtJ4AaABAg.AD-X36-M9zYAKPl0yAQPjN,UgyH90rRvMNS-g1YOtJ4AaABAg,@reginaldosouza2039,E voc√™ t√° gostando dele ele √© bom mesmo,0,2025-07-10T20:55:38Z,2025-07-10T20:55:38Z,True,2025-12-09T19:07:55.541537,#itel
YouTube,ycx7PZR4bR8,Itel S23 Plus review | 2024 #itel #itels23plus #itels23+,704073,TANJIL SAKIN,UgwfWYlTA-xr1pEmmnR4AaABAg,,@meshacwekesa3383,"The design is top notch for a budget device, I'll get one soon",15,2024-11-01T18:51:09Z,2024-11-01T18:51:09Z,False,2025-12-09T19:07:55.541555,#itel
YouTube,ycx7PZR4bR8,Itel S23 Plus review | 2024 #itel #itels23plus #itels23+,704073,TANJIL SAKIN,UgwfWYlTA-xr1pEmmnR4AaABAg.AAJEFYgZvfTAAJkT3mIc4w,UgwfWYlTA-xr1pEmmnR4AaABAg,@tanjilsakin3128,Bro what you guessed is absolutely true.  thank you... ‚ù§,1,2024-11-01T23:41:21Z,2024-11-01T23:41:21Z,True,2025-12-09T19:07:55.541574,#itel
YouTube,ycx7PZR4bR8,Itel S23 Plus review | 2024 #itel #itels23plus #itels23+,704073,TANJIL SAKIN,UgwfWYlTA-xr1pEmmnR4AaABAg.AAJEFYgZvfTAB_moG153Jv,UgwfWYlTA-xr1pEmmnR4AaABAg,@qureshiking4378,price,2,2024-12-03T11:00:21Z,2024-12-03T11:00:21Z,True,2025-12-09T19:07:55.541589,#itel
YouTube,ycx7PZR4bR8,Itel S23 Plus review | 2024 #itel #itels23plus #itels23+,704073,TANJIL SAKIN,UgwfWYlTA-xr1pEmmnR4AaABAg.AAJEFYgZvfTACF_SbHNdUK,UgwfWYlTA-xr1pEmmnR4AaABAg,@tanjilsakin3128,‚Äã@qureshiking437815000 rupi.,1,2024-12-20T01:51:00Z,2024-12-20T01:51:00Z,True,2025-12-09T19:07:55.541602,#itel
YouTube,H6rvlRstBWI,"itel Vision 1 Pro Hard Reset, Factory Reset, Password Reset, Pattern reset, Passcode Reset / #shorts",1849214,The Mobile Doctor,UgxDl-BDVQ0gkqIb4Ld4AaABAg,,@themobiledoctor1,"Link for the frp bypass video of itel vision 1 pro
https://youtu.be/cxdQaSWPxec",15,2024-09-12T17:26:18Z,2024-09-12T17:26:44Z,False,2025-12-09T19:07:56.322156,#itel
YouTube,H6rvlRstBWI,"itel Vision 1 Pro Hard Reset, Factory Reset, Password Reset, Pattern reset, Passcode Reset / #shorts",1849214,The Mobile Doctor,UgxDl-BDVQ0gkqIb4Ld4AaABAg.A8IKnN6fD9FAABCdjKUYQb,UgxDl-BDVQ0gkqIb4Ld4AaABAg,@Rkn-fw2yy,Rhea itel mksoe,1,2024-10-29T16:03:11Z,2024-10-29T16:03:11Z,True,2025-12-09T19:07:56.322203,#itel
YouTube,H6rvlRstBWI,"itel Vision 1 Pro Hard Reset, Factory Reset, Password Reset, Pattern reset, Passcode Reset / #shorts",1849214,The Mobile Doctor,UgxDl-BDVQ0gkqIb4Ld4AaABAg.A8IKnN6fD9FALt2weylklv,UgxDl-BDVQ0gkqIb4Ld4AaABAg,@BeeSsa-tr1gw,"???

???",1,2025-08-16T11:49:33Z,2025-08-16T11:49:33Z,True,2025-12-09T19:07:56.322214,#itel
YouTube,H6rvlRstBWI,"itel Vision 1 Pro Hard Reset, Factory Reset, Password Reset, Pattern reset, Passcode Reset / #shorts",1849214,The Mobile Doctor,UgxDl-BDVQ0gkqIb4Ld4AaABAg.A8IKnN6fD9FALt2yLrnK44,UgxDl-BDVQ0gkqIb4Ld4AaABAg,@BeeSsa-tr1gw,‡∏£‡πÄ‡∏£‡∏≠‡∏Ç‡∏û‡∏µ‡∏≥‡πÅ‡∏à‡∏∂‡∏≥‡∏î‡∏à‡∏µ‡∏û‡πÄ‡∏≥‡∏î‡∏µ‡∏Ç‡∏ö‡∏µ‡∏≥‡πÅ‡∏Ç‡πÄ‡∏µ‡∏û‡∏Ç‡πÄ‡∏£‡∏û‡∏µ‡πÄ‡∏ö‡∏û‡πÄ‡∏µ‡∏û‡∏ö‡∏ö‡πÄ‡∏µ‡∏û‡∏µ‡∏≠‡∏ö‡∏û‡∏≠‡∏ö‡∏û‡∏£‡∏û‡∏£‡∏µ‡πÄ‡∏û‡∏ö‡∏ö‡∏≠‡∏µ‡∏û‡∏£‡∏≠‡∏•‡∏∞‡∏ï‡∏à‡∏ô‡∏£‡∏™‡∏≤,1,2025-08-16T11:49:47Z,2025-08-16T11:49:47Z,True,2025-12-09T19:07:56.322223,#itel
YouTube,H6rvlRstBWI,"itel Vision 1 Pro Hard Reset, Factory Reset, Password Reset, Pattern reset, Passcode Reset / #shorts",1849214,The Mobile Doctor,UgybsF0438ESxbdijD14AaABAg,,@MudassirAwan-m3u,Agy ja k phir password mangta ha,0,2025-11-20T08:04:58Z,2025-11-20T08:04:58Z,False,2025-12-09T19:07:56.322233,#itel
YouTube,H6rvlRstBWI,"itel Vision 1 Pro Hard Reset, Factory Reset, Password Reset, Pattern reset, Passcode Reset / #shorts",1849214,The Mobile Doctor,Ugxdlx1og-cUZh5F8MV4AaABAg,,@AbdulHadi-iv5ib,Thank you üëçüòäüòäüòäüëçüòä,1,2025-11-09T12:55:58Z,2025-11-09T12:55:58Z,False,2025-12-09T19:07:56.322242,#itel
YouTube,H6rvlRstBWI,"itel Vision 1 Pro Hard Reset, Factory Reset, Password Reset, Pattern reset, Passcode Reset / #shorts",1849214,The Mobile Doctor,Ugxdlx1og-cUZh5F8MV4AaABAg.APJ26T12HusAPJVuuTfWvL,Ugxdlx1og-cUZh5F8MV4AaABAg,@themobiledoctor1,"U r welcome üòâ
Plz Like & Subscribe üòç",0,2025-11-09T17:16:24Z,2025-11-09T17:16:24Z,True,2025-12-09T19:07:56.322252,#itel
YouTube,H6rvlRstBWI,"itel Vision 1 Pro Hard Reset, Factory Reset, Password Reset, Pattern reset, Passcode Reset / #shorts",1849214,The Mobile Doctor,Ugxdlx1og-cUZh5F8MV4AaABAg.APJ26T12HusAPVzu9vdr84,Ugxdlx1og-cUZh5F8MV4AaABAg,@AbdulHadi-iv5ib,‚Äã@themobiledoctor1For sure,0,2025-11-14T13:38:04Z,2025-11-14T13:38:04Z,True,2025-12-09T19:07:56.322261,#itel
YouTube,H6rvlRstBWI,"itel Vision 1 Pro Hard Reset, Factory Reset, Password Reset, Pattern reset, Passcode Reset / #shorts",1849214,The Mobile Doctor,UgzRT6dt31pJ6KTMNnh4AaABAg,,@yahyajallow1205,Thank it works,1,2025-10-19T13:47:49Z,2025-10-19T13:47:49Z,False,2025-12-09T19:07:56.322270,#itel
YouTube,H6rvlRstBWI,"itel Vision 1 Pro Hard Reset, Factory Reset, Password Reset, Pattern reset, Passcode Reset / #shorts",1849214,The Mobile Doctor,UgzRT6dt31pJ6KTMNnh4AaABAg.AOT3LtbPv-_AOTE2qwNNJg,UgzRT6dt31pJ6KTMNnh4AaABAg,@themobiledoctor1,"U r welcome ü§ó 
Do like & subscribe üòâ",0,2025-10-19T15:21:20Z,2025-10-19T15:21:20Z,True,2025-12-09T19:07:56.322280,#itel
YouTube,H6rvlRstBWI,"itel Vision 1 Pro Hard Reset, Factory Reset, Password Reset, Pattern reset, Passcode Reset / #shorts",1849214,The Mobile Doctor,Ugw2XO8sEGkfsKr5nzp4AaABAg,,@SanouAlassane-l1n6n,Combien co√ªte ce t√©l√©phone,0,2025-10-12T11:21:33Z,2025-10-12T11:21:33Z,False,2025-12-09T19:07:56.322289,#itel
YouTube,H6rvlRstBWI,"itel Vision 1 Pro Hard Reset, Factory Reset, Password Reset, Pattern reset, Passcode Reset / #shorts",1849214,The Mobile Doctor,Ugwt9Mo3u6VbReu98Dx4AaABAg,,@kevinvasquez4757,Parang di Naman gumagana ehh,0,2025-09-30T06:27:17Z,2025-09-30T06:27:17Z,False,2025-12-09T19:07:56.322298,#itel
YouTube,H6rvlRstBWI,"itel Vision 1 Pro Hard Reset, Factory Reset, Password Reset, Pattern reset, Passcode Reset / #shorts",1849214,The Mobile Doctor,Ugzzp1mzZshG1Z6XPI14AaABAg,,@AbuSaiym,‚ù§,1,2025-08-24T13:33:36Z,2025-08-24T13:33:36Z,False,2025-12-09T19:07:56.322308,#itel
YouTube,H6rvlRstBWI,"itel Vision 1 Pro Hard Reset, Factory Reset, Password Reset, Pattern reset, Passcode Reset / #shorts",1849214,The Mobile Doctor,Ugw5-neBzpc1dEZ9mkR4AaABAg,,@Bishal-n2w,Thank you sahit ‚ù§‚ù§‚ù§,0,2025-08-20T09:51:30Z,2025-08-20T09:51:30Z,False,2025-12-09T19:07:56.322317,#itel
YouTube,H6rvlRstBWI,"itel Vision 1 Pro Hard Reset, Factory Reset, Password Reset, Pattern reset, Passcode Reset / #shorts",1849214,The Mobile Doctor,UgzDQUmc7mM-SN9gPiB4AaABAg,,@denniswanjia2227,"This was helpful, thank you üòä",0,2025-08-18T12:47:17Z,2025-08-18T12:47:17Z,False,2025-12-09T19:07:56.322326,#itel
YouTube,H6rvlRstBWI,"itel Vision 1 Pro Hard Reset, Factory Reset, Password Reset, Pattern reset, Passcode Reset / #shorts",1849214,The Mobile Doctor,UgyVCVaTxYW5LjrNhMF4AaABAg,,@JuhiPandey-d5x,It work ‚ù§,0,2025-07-20T05:16:55Z,2025-07-20T05:16:55Z,False,2025-12-09T19:07:56.322334,#itel
YouTube,H6rvlRstBWI,"itel Vision 1 Pro Hard Reset, Factory Reset, Password Reset, Pattern reset, Passcode Reset / #shorts",1849214,The Mobile Doctor,UgwjHdMhS9kitRJTZqB4AaABAg,,@JuhiPandey-d5x,Thank you bhaiya,0,2025-07-20T05:16:42Z,2025-07-20T05:16:42Z,False,2025-12-09T19:07:56.322343,#itel
YouTube,H6rvlRstBWI,"itel Vision 1 Pro Hard Reset, Factory Reset, Password Reset, Pattern reset, Passcode Reset / #shorts",1849214,The Mobile Doctor,UgwZwkG-y9CwDQcVbK54AaABAg,,@tusarkantamohantarinku9739,Thank you so much ‚ù§,1,2025-07-02T17:17:18Z,2025-07-02T17:17:18Z,False,2025-12-09T19:07:56.322353,#itel
YouTube,H6rvlRstBWI,"itel Vision 1 Pro Hard Reset, Factory Reset, Password Reset, Pattern reset, Passcode Reset / #shorts",1849214,The Mobile Doctor,UgwZwkG-y9CwDQcVbK54AaABAg.AK4lfmLzl9fAK4oFX-H43O,UgwZwkG-y9CwDQcVbK54AaABAg,@themobiledoctor1,"U r welcome ü§ó 
Plz like & subscribe",0,2025-07-02T17:39:47Z,2025-07-02T17:39:47Z,True,2025-12-09T19:07:56.322361,#itel
YouTube,H6rvlRstBWI,"itel Vision 1 Pro Hard Reset, Factory Reset, Password Reset, Pattern reset, Passcode Reset / #shorts",1849214,The Mobile Doctor,UgzM2Ae8XzTnmUMCMPF4AaABAg,,@SamsulIslam-tr7pd,Thanks vai apnar jonno phone ta thik korte parlamüòä,2,2025-07-02T09:30:00Z,2025-07-02T09:30:00Z,False,2025-12-09T19:07:56.322370,#itel
YouTube,H6rvlRstBWI,"itel Vision 1 Pro Hard Reset, Factory Reset, Password Reset, Pattern reset, Passcode Reset / #shorts",1849214,The Mobile Doctor,Ugx4WluyrcY62O2req54AaABAg,,@Weapon__squad,Thanku brother ‚ù§‚ù§,0,2025-06-19T15:28:01Z,2025-06-19T15:28:01Z,False,2025-12-09T19:07:56.322380,#itel
YouTube,H6rvlRstBWI,"itel Vision 1 Pro Hard Reset, Factory Reset, Password Reset, Pattern reset, Passcode Reset / #shorts",1849214,The Mobile Doctor,UgyT8UUJjod3nR9gy514AaABAg,,@tashaybekovy,–†–ø—Ö–º–µ–µ–µ–µ–µ–µ–µ–µ—Ç—Ç 1 –∞–π –±–æ–ª–¥—ã –∞—à–∞–º–∞–π –∂“Ø—Ä–≥–µ–Ω—ñ–º–µ,0,2025-05-30T17:16:17Z,2025-05-30T17:16:17Z,False,2025-12-09T19:07:56.322389,#itel
YouTube,H6rvlRstBWI,"itel Vision 1 Pro Hard Reset, Factory Reset, Password Reset, Pattern reset, Passcode Reset / #shorts",1849214,The Mobile Doctor,UgzaEOh2OBNvWLxhR354AaABAg,,@AshfaqKhan-q1o,üéâüéâüéâ,0,2025-05-11T17:55:11Z,2025-05-11T17:55:11Z,False,2025-12-09T19:07:56.322398,#itel
YouTube,H6rvlRstBWI,"itel Vision 1 Pro Hard Reset, Factory Reset, Password Reset, Pattern reset, Passcode Reset / #shorts",1849214,The Mobile Doctor,Ugw5pInJbAEJgHp1ipx4AaABAg,,@farzanafathima2391,Thank you it worked,0,2025-05-04T04:24:15Z,2025-05-04T04:24:15Z,False,2025-12-09T19:07:56.322407,#itel
YouTube,H6rvlRstBWI,"itel Vision 1 Pro Hard Reset, Factory Reset, Password Reset, Pattern reset, Passcode Reset / #shorts",1849214,The Mobile Doctor,UgzFosB_5kvxvqV9U0x4AaABAg,,@ebenezerbiney4117,Thank you solid video üëè,0,2025-05-01T08:33:38Z,2025-05-01T08:33:38Z,False,2025-12-09T19:07:56.322416,#itel
YouTube,H6rvlRstBWI,"itel Vision 1 Pro Hard Reset, Factory Reset, Password Reset, Pattern reset, Passcode Reset / #shorts",1849214,The Mobile Doctor,UgxJl8ZP8hOxY_W-rat4AaABAg,,@RamNandanKumar-c1g,iTel company ka maaf kar dena hang karta hai bahut 6 mahina ka main bhi iTel hi company ka chala raha hun mobileüòÇüòÇüòÇüòÇüòÇüòÇüòÇ,1,2025-04-10T15:56:38Z,2025-04-10T15:56:38Z,False,2025-12-09T19:07:56.322425,#itel
YouTube,H6rvlRstBWI,"itel Vision 1 Pro Hard Reset, Factory Reset, Password Reset, Pattern reset, Passcode Reset / #shorts",1849214,The Mobile Doctor,UgxJl8ZP8hOxY_W-rat4AaABAg.AGjuTNaIJkGAGkHAjce2eg,UgxJl8ZP8hOxY_W-rat4AaABAg,@themobiledoctor1,üôÇüòÅüòÑüòÑ,0,2025-04-10T19:23:48Z,2025-04-10T19:23:48Z,True,2025-12-09T19:07:56.322434,#itel
YouTube,H6rvlRstBWI,"itel Vision 1 Pro Hard Reset, Factory Reset, Password Reset, Pattern reset, Passcode Reset / #shorts",1849214,The Mobile Doctor,Ugy965epADg_WC2E5WN4AaABAg,,@malikmustafa1780,Thanks üòä,1,2025-04-07T06:35:49Z,2025-04-07T06:35:49Z,False,2025-12-09T19:07:56.322443,#itel
YouTube,H6rvlRstBWI,"itel Vision 1 Pro Hard Reset, Factory Reset, Password Reset, Pattern reset, Passcode Reset / #shorts",1849214,The Mobile Doctor,Ugy965epADg_WC2E5WN4AaABAg.AGbAuAxh4ouAGbJClY00sZ,Ugy965epADg_WC2E5WN4AaABAg,@themobiledoctor1,U r welcome ü§ó,0,2025-04-07T07:48:24Z,2025-04-07T07:48:24Z,True,2025-12-09T19:07:56.322452,#itel
